learner_id,session_id,prompt_count,verification_rate,revision_rate,reflection_rate,answer_adoption_rate,median_latency_s,intent_diversity,agency_index
L000,L000-S00,3,0.3333333333333333,0.6666666666666666,0.3333333333333333,0.3333333333333333,11.075123730431036,2,0.48333333333333334
L000,L000-S01,5,0.6,1.0,0.4,0.4,29.167890497225827,5,0.65
L000,L000-S02,5,0.6,0.4,0.4,0.4,23.829145179733985,2,0.5
L000,L000-S03,6,0.3333333333333333,1.0,0.6666666666666666,0.16666666666666666,35.15988904423746,4,0.6833333333333333
L001,L001-S00,5,0.4,0.2,0.4,0.6,26.1892605572555,3,0.35000000000000003
L001,L001-S01,4,0.75,0.5,0.25,0.5,39.65127037303928,2,0.5125
L001,L001-S02,4,0.25,0.25,0.5,0.75,51.99213647012458,3,0.3125
L001,L001-S03,6,0.6666666666666666,0.5,0.6666666666666666,0.5,16.912472841651716,3,0.5916666666666666
L002,L002-S00,5,0.6,0.6,0.2,0.2,13.925085311873394,4,0.54
L002,L002-S01,3,0.6666666666666666,0.0,0.0,1.0,34.95324287687438,3,0.19999999999999998
L002,L002-S02,6,0.5,0.3333333333333333,0.6666666666666666,0.6666666666666666,24.25721719946739,4,0.4666666666666667
L002,L002-S03,3,0.0,0.3333333333333333,0.3333333333333333,0.6666666666666666,50.36199623567154,2,0.23333333333333334
L003,L003-S00,3,0.3333333333333333,0.6666666666666666,0.0,0.3333333333333333,29.437019917001425,3,0.4
L003,L003-S01,3,0.0,0.6666666666666666,0.3333333333333333,0.0,25.01955977738912,2,0.45
L003,L003-S02,6,0.5,0.16666666666666666,0.16666666666666666,0.6666666666666666,35.739426361658374,2,0.3
L003,L003-S03,3,0.0,0.6666666666666666,0.0,0.3333333333333333,8.324721393482024,2,0.30000000000000004
L004,L004-S00,7,0.7142857142857143,0.2857142857142857,0.8571428571428571,0.42857142857142855,27.058287405289455,4,0.6142857142857143
L004,L004-S01,6,0.6666666666666666,0.5,0.6666666666666666,0.6666666666666666,36.811077489313064,3,0.5583333333333332
L004,L004-S02,6,0.5,0.16666666666666666,0.3333333333333333,0.3333333333333333,27.27717934508856,4,0.4083333333333333
L004,L004-S03,6,0.5,0.5,0.16666666666666666,0.8333333333333334,41.294519725695025,4,0.35000000000000003
L005,L005-S00,4,0.25,0.75,0.75,1.0,52.46247986219068,4,0.45
L005,L005-S01,5,0.4,0.0,0.4,0.8,39.10316136552558,3,0.26
L005,L005-S02,4,0.5,0.25,0.25,0.75,41.8534024959158,2,0.325
L005,L005-S03,3,0.3333333333333333,1.0,0.3333333333333333,0.6666666666666666,30.978608477790438,2,0.5
L006,L006-S00,3,1.0,0.3333333333333333,1.0,0.3333333333333333,48.4666707137963,1,0.7666666666666666
L006,L006-S01,7,0.2857142857142857,0.7142857142857143,0.7142857142857143,0.8571428571428571,22.194355223218412,4,0.4714285714285714
L006,L006-S02,6,0.8333333333333334,0.6666666666666666,0.5,0.8333333333333334,23.32205997518942,4,0.575
L006,L006-S03,7,0.8571428571428571,0.7142857142857143,0.7142857142857143,0.5714285714285714,42.27817940719292,4,0.7000000000000001
L007,L007-S00,7,0.14285714285714285,0.2857142857142857,0.14285714285714285,0.5714285714285714,24.152962264207936,4,0.2357142857142857
L007,L007-S01,6,0.0,0.16666666666666666,0.3333333333333333,0.6666666666666666,41.39863279371055,1,0.19166666666666668
L007,L007-S02,4,0.5,0.5,0.0,0.5,30.505107320895863,3,0.375
L007,L007-S03,6,0.5,0.5,0.16666666666666666,0.6666666666666666,16.80872069731281,3,0.3833333333333334
L008,L008-S00,5,0.8,1.0,0.6,0.0,18.3845115528486,3,0.8400000000000001
L008,L008-S01,4,1.0,0.75,0.5,0.5,36.98849430079868,3,0.7125
L008,L008-S02,7,0.8571428571428571,0.8571428571428571,0.5714285714285714,0.14285714285714285,17.810137598474448,3,0.7857142857142858
L008,L008-S03,3,0.6666666666666666,0.6666666666666666,1.0,0.3333333333333333,39.28409858930116,2,0.75
L009,L009-S00,7,0.42857142857142855,0.42857142857142855,0.0,0.5714285714285714,30.143108156215554,3,0.32142857142857145
L009,L009-S01,6,0.6666666666666666,0.3333333333333333,0.16666666666666666,0.5,24.353496546133414,3,0.42500000000000004
L009,L009-S02,7,0.2857142857142857,0.2857142857142857,0.2857142857142857,0.14285714285714285,44.97657879993827,4,0.4
L009,L009-S03,5,0.8,0.4,0.4,0.4,35.13476714348967,3,0.5599999999999999
L010,L010-S00,5,1.0,0.6,0.0,0.0,20.133996983741298,4,0.6499999999999999
L010,L010-S01,6,0.5,0.6666666666666666,0.5,0.6666666666666666,27.736933633928793,3,0.5083333333333333
L010,L010-S02,5,1.0,0.8,0.4,0.4,54.087309133041515,3,0.72
L010,L010-S03,3,1.0,1.0,0.3333333333333333,0.3333333333333333,13.902123624229821,3,0.7666666666666668
L011,L011-S00,4,0.75,0.25,0.0,0.5,28.413179545456405,3,0.38749999999999996
L011,L011-S01,5,0.2,0.8,0.0,0.6,55.40411493566232,3,0.34
L011,L011-S02,5,0.6,0.4,0.4,0.6,75.2621419451168,3,0.46
L011,L011-S03,7,0.2857142857142857,0.7142857142857143,0.0,0.42857142857142855,45.00394655039779,2,0.37857142857142856
L012,L012-S00,5,0.8,0.6,0.2,0.4,42.3880699115713,3,0.56
L012,L012-S01,3,0.6666666666666666,0.6666666666666666,1.0,0.0,24.949932535833607,2,0.8166666666666667
L012,L012-S02,7,0.2857142857142857,0.2857142857142857,0.42857142857142855,0.5714285714285714,14.434048671079143,4,0.35000000000000003
L012,L012-S03,4,0.5,0.5,0.25,0.5,17.578002773649807,2,0.4375
L013,L013-S00,3,0.6666666666666666,0.3333333333333333,0.6666666666666666,0.3333333333333333,19.636637349385012,2,0.5833333333333333
L013,L013-S01,7,0.2857142857142857,0.2857142857142857,0.2857142857142857,0.42857142857142855,36.37219488873823,4,0.34285714285714286
L013,L013-S02,6,0.6666666666666666,0.8333333333333334,0.6666666666666666,0.16666666666666666,48.90860295585415,4,0.7416666666666667
L013,L013-S03,4,0.25,0.25,0.0,0.75,22.63530956577437,4,0.1875
L014,L014-S00,6,0.3333333333333333,0.3333333333333333,0.16666666666666666,0.5,57.519969421905046,4,0.32499999999999996
L014,L014-S01,5,0.4,0.2,0.4,0.6,18.38387288943843,2,0.35000000000000003
L014,L014-S02,5,0.4,0.4,0.4,0.4,37.4525377219392,4,0.44
L014,L014-S03,4,0.5,1.0,0.5,0.25,30.865062684288034,3,0.675
L015,L015-S00,3,0.3333333333333333,0.3333333333333333,0.0,1.0,8.28247014131969,3,0.18333333333333332
L015,L015-S01,4,0.25,0.25,0.25,0.5,88.5212858933312,4,0.30000000000000004
L015,L015-S02,3,0.6666666666666666,0.6666666666666666,0.3333333333333333,0.3333333333333333,48.77869042153656,3,0.5833333333333333
L015,L015-S03,6,0.3333333333333333,0.5,0.16666666666666666,0.6666666666666666,21.22668687303514,3,0.33333333333333337
L016,L016-S00,3,0.6666666666666666,0.3333333333333333,0.3333333333333333,0.0,70.43589513311173,2,0.5666666666666667
L016,L016-S01,5,0.8,0.8,0.4,0.8,27.158437337931712,3,0.5800000000000001
L016,L016-S02,7,0.5714285714285714,0.42857142857142855,0.14285714285714285,0.5714285714285714,27.244254699790204,4,0.39999999999999997
L016,L016-S03,4,0.5,0.75,0.5,0.75,24.683671111111785,4,0.5125000000000001
L017,L017-S00,7,0.14285714285714285,0.5714285714285714,0.42857142857142855,0.5714285714285714,31.73812360292719,5,0.37857142857142856
L017,L017-S01,4,0.25,0.75,0.5,1.0,24.819962405810273,2,0.3875
L017,L017-S02,7,0.5714285714285714,0.42857142857142855,0.14285714285714285,0.42857142857142855,16.39905453768863,3,0.4285714285714285
L017,L017-S03,4,1.0,0.0,0.25,0.75,25.86983650771902,3,0.4125
L018,L018-S00,7,0.2857142857142857,0.2857142857142857,0.14285714285714285,0.5714285714285714,41.59160039046382,4,0.2785714285714286
L018,L018-S01,4,0.0,0.5,0.25,0.5,41.80494070119184,3,0.2875
L018,L018-S02,4,0.5,0.5,0.25,0.5,37.06396762500382,3,0.4375
L018,L018-S03,3,0.3333333333333333,0.0,0.0,0.3333333333333333,28.957102751614677,2,0.23333333333333334
L019,L019-S00,4,0.75,1.0,0.5,0.5,37.4682244069774,3,0.7
L019,L019-S01,5,0.6,0.8,0.8,0.0,29.805889093020408,2,0.78
L019,L019-S02,4,0.75,0.75,0.75,0.25,10.946958680747343,3,0.75
L019,L019-S03,4,0.5,0.5,0.5,0.5,28.09133678449967,2,0.5
L020,L020-S00,7,0.2857142857142857,0.2857142857142857,0.42857142857142855,0.5714285714285714,48.96061403222358,5,0.35000000000000003
L020,L020-S01,4,1.0,1.0,0.0,0.75,28.654129424285053,2,0.6000000000000001
L020,L020-S02,5,0.2,0.2,0.6,0.6,22.235827307057306,3,0.34
L020,L020-S03,6,0.16666666666666666,0.3333333333333333,0.3333333333333333,0.5,24.248490770560295,4,0.31666666666666665
L021,L021-S00,4,1.0,0.5,0.75,0.25,35.94471569347436,3,0.7625000000000001
L021,L021-S01,4,0.5,0.5,0.5,0.5,19.404811899425937,3,0.5
L021,L021-S02,3,0.6666666666666666,0.6666666666666666,1.0,0.6666666666666666,26.153742789810774,3,0.6833333333333333
L021,L021-S03,7,0.5714285714285714,0.2857142857142857,0.14285714285714285,0.5714285714285714,40.586869184269204,3,0.36428571428571427
L022,L022-S00,4,0.75,1.0,0.5,0.0,35.169529514080665,3,0.8
L022,L022-S01,5,0.6,0.4,0.2,0.4,50.4861649399327,4,0.45
L022,L022-S02,3,0.6666666666666666,1.0,0.3333333333333333,0.0,40.73713152822734,3,0.7333333333333334
L022,L022-S03,4,0.5,0.5,0.25,0.5,20.06936722602441,2,0.4375
L023,L023-S00,6,0.5,0.5,0.5,0.3333333333333333,25.286244765167872,4,0.5333333333333334
L023,L023-S01,5,0.8,0.2,0.4,0.6,46.717294654812086,3,0.47000000000000003
L023,L023-S02,5,0.4,1.0,0.2,0.8,46.810810305928015,3,0.45999999999999996
L023,L023-S03,4,0.75,0.25,0.25,0.5,23.326130334405818,3,0.44999999999999996
